mohns_rho,woods_rho
0.09065639647317698,-0.0010745841390297644
