mohns_rho,woods_rho
0.08429931135186992,-0.005316337490418679
