mean,median,q025,q975
0.3030993447,0.3027115,0.2898726,0.318339575
