mean,median,q025,q975
0.3030680867,0.302678,0.290058925,0.317869425
