mean,median,q025,q975
0.2168198989,0.216517,0.20577762499999996,0.229434275
