mean,median,q025,q975
0.2167491823,0.216407,0.205828375,0.22975105
