mean,median,q025,q975
0.298553746,0.298218,0.28589875,0.3131962
