mean,median,q025,q975
0.2149526824,0.214596,0.20374287500000002,0.22848507499999998
