mohns_rho,woods_rho
-0.01924571568909067,-0.004605912554923001
