mean,median,q025,q975
0.2975767678,0.2972555,0.28484994999999996,0.31252212500000004
