mean,median,q025,q975
0.2137527738,0.213402,0.202514925,0.22688307500000002
