mean,median,q025,q975
0.3047582689,0.304315,0.29078097499999994,0.3212393
