mean,median,q025,q975
0.4233660648,0.42285799999999996,0.40677577500000006,0.442796525
