mohns_rho,woods_rho
0.051629299188051245,-0.004630492842005744
