mean,median,q025,q975
0.4611722102,0.460581,0.444213875,0.481070625
