mean,median,q025,q975
0.9946315674,0.9938115000000001,0.949090275,1.04377325
