Age,Blocks,mean,median,q025,q975,q250,q750
3,1980-2018,0.9998165186,1,0.9997956,1,1,1
3,2019-2019,0,0,0,0,0,0
4,1980-2018,0.9999449315,1,0.999989,1,1,1
4,2019-2019,0,0,0,0,0,0
5,1980-2018,0.9999804869,1,1,1,1,1
5,2019-2019,0,0,0,0,0,0
6,1980-2018,0.999992328,1,1,1,1,1
6,2019-2019,0,0,0,0,0,0
7,1980-2018,0.9999967578,1,1,1,1,1
7,2019-2019,0,0,0,0,0,0
8,1980-2018,0.9999985564,1,1,1,1,1
8,2019-2019,0,0,0,0,0,0
