mean,median,q025,q975
0.6246364121,0.6236945,0.5846358,0.668443325
