mean,median,q025,q975
0.4094118267,0.40862149999999997,0.38848837499999994,0.434221425
