Age,Blocks,mean,median,q025,q975,q250,q750
3,1980-2018,0.704732,0.704732,0.704732,0.704732,0.704732,0.704732
4,1980-2018,0.704732,0.704732,0.704732,0.704732,0.704732,0.704732
5,1980-2018,0.704732,0.704732,0.704732,0.704732,0.704732,0.704732
6,1980-2018,0.704732,0.704732,0.704732,0.704732,0.704732,0.704732
7,1980-2018,0.704732,0.704732,0.704732,0.704732,0.704732,0.704732
8,1980-2018,0.704732,0.704732,0.704732,0.704732,0.704732,0.704732
