mohns_rho,woods_rho
0.07162916929091025,-0.0034964502512051304
